Series Name,Series Code,Country Name,Country Code,1990 [YR1990],2000 [YR2000],2007 [YR2007],2008 [YR2008],2009 [YR2009],2010 [YR2010],2011 [YR2011],2012 [YR2012],2013 [YR2013],2014 [YR2014],2015 [YR2015],2016 [YR2016]
Electric power consumption (kWh per capita),EG.USE.ELEC.KH.PC,Afghanistan,AFG,..,..,..,..,..,..,..,..,..,..,..,..
Electric power consumption (kWh per capita),EG.USE.ELEC.KH.PC,Albania,ALB,552.252184819181,1449.64741324695,1213.12436932179,1617.7441562046,1835.68407241763,1943.34335385842,2205.70392004668,2118.32777605579,2533.25282927106,2309.36650255581,..,..
Electric power consumption (kWh per capita),EG.USE.ELEC.KH.PC,Algeria,DZA,528.434936105991,680.195974430198,890.814352714554,943.755743391953,863.085973626393,1012.69083578198,1118.50880991021,1231.97009240867,1272.29602403971,1356.26455370835,..,..
Electric power consumption (kWh per capita),EG.USE.ELEC.KH.PC,American Samoa,ASM,..,..,..,..,..,..,..,..,..,..,..,..
Electric power consumption (kWh per capita),EG.USE.ELEC.KH.PC,Andorra,AND,..,..,..,..,..,..,..,..,..,..,..,..
Electric power consumption (kWh per capita),EG.USE.ELEC.KH.PC,Angola,AGO,51.7605105262393,75.056608740482,132.681280561997,171.879581349135,188.961667389593,206.34057808996,207.031258871036,219.356355456913,280.402518006919,312.476017317085,..,..
Electric power consumption (kWh per capita),EG.USE.ELEC.KH.PC,Antigua and Barbuda,ATG,..,..,..,..,..,..,..,..,..,..,..,..
Electric power consumption (kWh per capita),EG.USE.ELEC.KH.PC,Argentina,ARG,1299.55206792208,2078.28644020102,2438.08991413208,2752.09076907263,2708.93643135549,2847.25684177929,2901.27352075512,2974.69597348146,2943.86978820485,3052.38193674653,..,..
Electric power consumption (kWh per capita),EG.USE.ELEC.KH.PC,Armenia,ARM,2722.59773074461,1297.56827300602,1772.89489188069,1669.06217548879,1661.02145549515,1726.26455742879,1807.63470060485,1893.52799971686,1933.98396203364,1965.78373282133,..,..
Electric power consumption (kWh per capita),EG.USE.ELEC.KH.PC,Aruba,ABW,..,..,..,..,..,..,..,..,..,..,..,..
Electric power consumption (kWh per capita),EG.USE.ELEC.KH.PC,Australia,AUS,8527.22808539065,10193.9121808594,10972.8917398068,10749.1105547503,10791.5930978208,10726.9281831902,10627.2938650379,10410.1265323768,10225.6516998291,10077.8348671186,..,..
Electric power consumption (kWh per capita),EG.USE.ELEC.KH.PC,Austria,AUT,6111.47652011957,7076.26948339438,8207.47473897554,8233.01483290985,7944.79609623168,8382.71115445338,8425.16775320399,8548.88219928111,8510.06117785804,8360.51899093551,..,..
Electric power consumption (kWh per capita),EG.USE.ELEC.KH.PC,Azerbaijan,AZE,2575.63905573404,2040.4790895311,2118.21052754245,2040.76043544743,1620.3874199013,1603.43137406492,1705.4246326371,2052.65096521176,2092.53652062946,2202.39391828846,..,..
Electric power consumption (kWh per capita),EG.USE.ELEC.KH.PC,"Bahamas, The",BHS,..,..,..,..,..,..,..,..,..,..,..,..
Electric power consumption (kWh per capita),EG.USE.ELEC.KH.PC,Bahrain,BHR,15621.1247129137,20014.6250304688,20592.9002182662,18492.0015431683,17460.332194402,18038.2669466871,17910.9404984397,17845.4827155775,18687.6953286843,19592.2319490391,..,..
Electric power consumption (kWh per capita),EG.USE.ELEC.KH.PC,Bangladesh,BGD,48.3667547043308,101.488629348181,199.8311924931,201.248857117908,219.2420592116,239.830531500607,257.634373156657,274.871958181858,292.750027079806,310.391226127461,..,..
Electric power consumption (kWh per capita),EG.USE.ELEC.KH.PC,Barbados,BRB,..,..,..,..,..,..,..,..,..,..,..,..
Electric power consumption (kWh per capita),EG.USE.ELEC.KH.PC,Belarus,BLR,4380.90097163608,2996.30947501957,3393.90853610514,3481.74351659874,3298.70360737854,3563.6377659834,3628.45728970191,3697.39748396507,3648.32146048641,3679.9788400689,..,..
Electric power consumption (kWh per capita),EG.USE.ELEC.KH.PC,Belgium,BEL,6380.31321975416,8247.67711254725,8614.67950346801,8521.49673953426,7903.95547887634,8393.94962326946,8021.90926943999,7973.22417207528,7972.946351532,7709.12307788247,..,..
Electric power consumption (kWh per capita),EG.USE.ELEC.KH.PC,Belize,BLZ,..,..,..,..,..,..,..,..,..,..,..,..
Electric power consumption (kWh per capita),EG.USE.ELEC.KH.PC,Benin,BEN,34.9503143117922,58.1128528298556,79.71811485346,86.3524495349846,87.8732067884624,95.4424698771934,91.5355801759724,93.1221194841076,96.7569334889041,100.226389151363,..,..
Electric power consumption (kWh per capita),EG.USE.ELEC.KH.PC,Bermuda,BMU,..,..,..,..,..,..,..,..,..,..,..,..
Electric power consumption (kWh per capita),EG.USE.ELEC.KH.PC,Bhutan,BTN,..,..,..,..,..,..,..,..,..,..,..,..
Electric power consumption (kWh per capita),EG.USE.ELEC.KH.PC,Bolivia,BOL,266.472430094378,419.808737010031,545.361493432572,534.487239651016,553.657087978909,604.340970909966,637.406367296688,663.345770740982,705.462861327366,752.687021659114,..,..
Electric power consumption (kWh per capita),EG.USE.ELEC.KH.PC,Bosnia and Herzegovina,BIH,2937.65635425017,2021.92578873955,2375.46369899311,2979.06339118487,2883.4443106625,3141.51964329661,3318.63594899786,3437.85976646017,3414.14796508959,3365.6739396108,..,..
Electric power consumption (kWh per capita),EG.USE.ELEC.KH.PC,Botswana,BWA,718.478393395224,1098.74214564264,1503.85444318731,1518.22564378162,1716.76897916138,1539.55647670862,1477.08399245566,1714.43750702982,2060.59928391121,1748.61533367795,..,..
Electric power consumption (kWh per capita),EG.USE.ELEC.KH.PC,Brazil,BRA,1457.34766648313,1891.97082164181,2157.43734210219,2218.88358656836,2185.74526282213,2361.05594054733,2416.46284828101,2485.58813655196,2551.40798540647,2601.36550571407,..,..
Electric power consumption (kWh per capita),EG.USE.ELEC.KH.PC,British Virgin Islands,VGB,..,..,..,..,..,..,..,..,..,..,..,..
Electric power consumption (kWh per capita),EG.USE.ELEC.KH.PC,Brunei Darussalam,BRN,4324.05278513051,7544.08971285046,8616.45823552008,8593.23088605993,8843.79266856363,8809.71126582995,8776.36017085731,9223.31068573201,9841.85982312751,10242.7957950372,..,..
Electric power consumption (kWh per capita),EG.USE.ELEC.KH.PC,Bulgaria,BGR,4758.73190255565,3673.60687143429,4523.32287831241,4674.5031505249,4483.7471386375,4560.41491703377,4863.69144110061,4761.9125833848,4639.70632261155,4708.92745757231,..,..
Electric power consumption (kWh per capita),EG.USE.ELEC.KH.PC,Burkina Faso,BFA,..,..,..,..,..,..,..,..,..,..,..,..
Electric power consumption (kWh per capita),EG.USE.ELEC.KH.PC,Burundi,BDI,..,..,..,..,..,..,..,..,..,..,..,..
Electric power consumption (kWh per capita),EG.USE.ELEC.KH.PC,Cabo Verde,CPV,..,..,..,..,..,..,..,..,..,..,..,..
Electric power consumption (kWh per capita),EG.USE.ELEC.KH.PC,Cambodia,KHM,..,32.7508563361469,100.609116545937,114.621156904261,127.961205398813,144.317389232036,165.154686176518,207.283465925725,221.598099728065,271.433239537706,..,..
Electric power consumption (kWh per capita),EG.USE.ELEC.KH.PC,Cameroon,CMR,200.166996465623,178.01220015354,258.379966849301,272.015540481075,269.805168557215,266.342922396265,261.154155170207,252.153658341185,257.114576914223,280.666679136744,..,..
Electric power consumption (kWh per capita),EG.USE.ELEC.KH.PC,Canada,CAN,16109.2799827282,16990.5783936795,16683.690137001,16378.1422678907,15450.8795512007,15269.5725962979,15642.9677504267,15320.5942525506,15718.3305655786,15541.5044618356,..,..
Electric power consumption (kWh per capita),EG.USE.ELEC.KH.PC,Cayman Islands,CYM,..,..,..,..,..,..,..,..,..,..,..,..
Electric power consumption (kWh per capita),EG.USE.ELEC.KH.PC,Central African Republic,CAF,..,..,..,..,..,..,..,..,..,..,..,..
Electric power consumption (kWh per capita),EG.USE.ELEC.KH.PC,Chad,TCD,..,..,..,..,..,..,..,..,..,..,..,..
Electric power consumption (kWh per capita),EG.USE.ELEC.KH.PC,Channel Islands,CHI,..,..,..,..,..,..,..,..,..,..,..,..
Electric power consumption (kWh per capita),EG.USE.ELEC.KH.PC,Chile,CHL,1240.66124699557,2512.32510200977,3347.26216911587,3347.56896885129,3307.65571431305,3320.41573429236,3600.34481880136,3827.4391779059,3903.97241433336,3911.64926496829,..,..
Electric power consumption (kWh per capita),EG.USE.ELEC.KH.PC,China,CHN,510.619854913516,992.943384720171,2325.92676902765,2446.36905458402,2612.45662004417,2943.58995443689,3298.00391331196,3474.98806170157,3773.40538390134,3927.04449998901,..,..
Electric power consumption (kWh per capita),EG.USE.ELEC.KH.PC,Colombia,COL,841.864093454734,829.398941559141,974.386862818643,974.220396519104,1049.97820050083,1077.98456891626,1121.39110419658,1149.96381833123,1287.20242605762,1289.56969308049,..,..
Electric power consumption (kWh per capita),EG.USE.ELEC.KH.PC,Comoros,COM,..,..,..,..,..,..,..,..,..,..,..,..
Electric power consumption (kWh per capita),EG.USE.ELEC.KH.PC,"Congo, Dem. Rep.",COD,130.869704879571,96.6301853198717,105.310796777175,101.269415602924,106.85884273748,104.721920216589,108.08891027117,112.252072314168,117.098493125662,108.58233117923,..,..
Electric power consumption (kWh per capita),EG.USE.ELEC.KH.PC,"Congo, Rep.",COG,168.001321064047,92.6922830109306,122.225838139793,131.942309865178,141.053273000147,136.549332264647,143.815384479018,208.919525623181,207.307625363762,197.285993454047,..,..
Electric power consumption (kWh per capita),EG.USE.ELEC.KH.PC,Costa Rica,CRI,1080.10510352891,1521.10220426077,1900.68861914342,1903.3716611416,1858.40268273049,1901.3130104196,1898.71739303385,1956.97491385056,1954.57208172444,1957.93024807807,..,..
Electric power consumption (kWh per capita),EG.USE.ELEC.KH.PC,Cote d'Ivoire,CIV,155.937264474002,171.575197549693,187.939384282913,196.738268249859,201.741882146425,216.407449102218,198.178433429395,236.196543724164,234.449915852966,276.148566330912,..,..
Electric power consumption (kWh per capita),EG.USE.ELEC.KH.PC,Croatia,HRV,2964.64435146444,2855.85178490737,3737.60144274121,3877.99503349639,3711.60769803557,3813.67931094819,3900.60136120405,3819.28025348455,3754.26869773614,3714.38298844207,..,..
Electric power consumption (kWh per capita),EG.USE.ELEC.KH.PC,Cuba,CUB,1214.0334212146,1135.44074579472,1296.39116865143,1314.88271097674,1323.92675349836,1290.82627440748,1318.66668557228,1364.06614359015,1419.27470917662,1434.03270363811,..,..
Electric power consumption (kWh per capita),EG.USE.ELEC.KH.PC,Curacao,CUW,4662.99862448418,7291.19976094427,7323.54084522686,7149.71209213052,7423.39937207576,7471.26823265166,7379.11967698948,5062.85834516859,4934.27468112494,4797.67043595944,..,..
Electric power consumption (kWh per capita),EG.USE.ELEC.KH.PC,Cyprus,CYP,2430.16694190297,3373.31413802389,4377.12463523961,4554.51970897673,4577.09666726165,4585.62637121643,4239.73293860877,4035.02187545702,3587.73874548036,3624.89575278853,..,..
Electric power consumption (kWh per capita),EG.USE.ELEC.KH.PC,Czech Republic,CZE,5600.40761204856,5703.81673910731,6518.21741269978,6489.12625740243,6139.35206037264,6348.42439812839,6298.72767835026,6304.57192302954,6284.79080624888,6258.89103703659,..,..
Electric power consumption (kWh per capita),EG.USE.ELEC.KH.PC,Denmark,DNK,5944.82836695787,6482.48862839575,6668.39026644631,6534.12385018916,6219.70109150757,6327.50645629896,6165.97361994424,6038.55230693622,6039.43200024506,5858.80153628748,..,..
Electric power consumption (kWh per capita),EG.USE.ELEC.KH.PC,Djibouti,DJI,..,..,..,..,..,..,..,..,..,..,..,..
Electric power consumption (kWh per capita),EG.USE.ELEC.KH.PC,Dominica,DMA,..,..,..,..,..,..,..,..,..,..,..,..
Electric power consumption (kWh per capita),EG.USE.ELEC.KH.PC,Dominican Republic,DOM,388.521317932242,1313.6163198609,1335.38811111077,1352.35541461025,1299.78650167213,1366.23767362751,1397.61316712368,1466.27999153122,1516.54032721167,1578.15166170087,..,..
Electric power consumption (kWh per capita),EG.USE.ELEC.KH.PC,Ecuador,ECU,481.303210159315,637.521384008167,958.927532969206,1083.98911871775,1111.20375869351,1143.78001819924,1217.33991199389,1281.54526823084,1333.26548137294,1380.61028558436,..,..
Electric power consumption (kWh per capita),EG.USE.ELEC.KH.PC,"Egypt, Arab Rep.",EGY,662.733531531574,961.949067939645,1401.19247014981,1446.62613519419,1512.45942794995,1550.81099324121,1658.9644495261,1658.77004197669,1658.5932257968,1657.76871980683,..,..
Electric power consumption (kWh per capita),EG.USE.ELEC.KH.PC,El Salvador,SLV,353.378811429302,617.114996763597,885.349245291548,858.713834228461,848.910819718716,859.743965002905,883.15656206803,918.144050243311,961.320488636853,939.153399141468,..,..
Electric power consumption (kWh per capita),EG.USE.ELEC.KH.PC,Equatorial Guinea,GNQ,..,..,..,..,..,..,..,..,..,..,..,..
Electric power consumption (kWh per capita),EG.USE.ELEC.KH.PC,Eritrea,ERI,..,50.695575720474,58.9887829819528,57.1747724113295,60.3201515242206,61.9471445099343,64.1385213277344,..,..,..,..,..
Electric power consumption (kWh per capita),EG.USE.ELEC.KH.PC,Estonia,EST,5755.89450245798,4540.49256076479,6277.41146283975,6364.56783013858,5975.95381093506,6506.31818096472,6314.41444766954,6689.36777611787,6664.65856902557,6732.36747315611,..,..
Electric power consumption (kWh per capita),EG.USE.ELEC.KH.PC,Ethiopia,ETH,22.5011102904606,22.6489397358003,39.4072084253303,40.8607851531502,42.0645939596531,48.2653492761395,52.6060039297807,57.3859796024159,64.391891199751,69.7157738840151,..,..
Electric power consumption (kWh per capita),EG.USE.ELEC.KH.PC,Faroe Islands,FRO,..,..,..,..,..,..,..,..,..,..,..,..
Electric power consumption (kWh per capita),EG.USE.ELEC.KH.PC,Fiji,FJI,..,..,..,..,..,..,..,..,..,..,..,..
Electric power consumption (kWh per capita),EG.USE.ELEC.KH.PC,Finland,FIN,12485.6836482847,15305.409808607,17160.8631199988,16349.2333250336,15243.1103879453,16484.0942753711,15710.9737593054,15689.2233076239,15510.8355034738,15249.9893802302,..,..
Electric power consumption (kWh per capita),EG.USE.ELEC.KH.PC,France,FRA,5940.75061309654,7224.52722263993,7513.57909570087,7643.44973102132,7338.04189849872,7734.72618789413,7232.98012315853,7363.42592627847,7367.85660659011,6937.86254489672,..,..
Electric power consumption (kWh per capita),EG.USE.ELEC.KH.PC,French Polynesia,PYF,..,..,..,..,..,..,..,..,..,..,..,..
Electric power consumption (kWh per capita),EG.USE.ELEC.KH.PC,Gabon,GAB,916.812642562791,878.060825815801,958.908616948911,970.443455559743,932.091552943935,948.049335146109,959.872158463167,984.735461917775,1079.64084608184,1172.8873233805,..,..
Electric power consumption (kWh per capita),EG.USE.ELEC.KH.PC,"Gambia, The",GMB,..,..,..,..,..,..,..,..,..,..,..,..
Electric power consumption (kWh per capita),EG.USE.ELEC.KH.PC,Georgia,GEO,3039.15035401916,1452.82122083154,1730.52425281725,1796.77419354839,1757.66716943188,1976.82119205298,2219.09677419355,2271.37254901961,2459.74576271186,2688.48940166354,..,..
Electric power consumption (kWh per capita),EG.USE.ELEC.KH.PC,Germany,DEU,6639.73169146049,6635.42140596667,7229.08991294766,7187.76400909623,6817.15839823657,7264.32259073555,7281.27217417162,7270.15252302734,7217.52908915495,7035.48297471676,..,..
Electric power consumption (kWh per capita),EG.USE.ELEC.KH.PC,Ghana,GHA,326.76476901559,332.017478227986,244.094636649208,264.264351910669,263.012234315077,280.514475623961,318.488375592255,345.703301618087,379.674512324353,354.714052962992,..,..
Electric power consumption (kWh per capita),EG.USE.ELEC.KH.PC,Gibraltar,GIB,2537.37484570018,3880.69275176395,4613.9649338665,4918.73396065013,5128.04952057288,5182.43996504866,4969.31597066307,5085.80436011064,5409.24004611155,5640.75445090781,..,..
Electric power consumption (kWh per capita),EG.USE.ELEC.KH.PC,Greece,GRC,3221.40532041842,4586.32987001065,5701.33085359398,5805.19254609269,5627.88370630926,5333.43955553561,5389.33312225532,5534.89715854516,5028.99579406178,5062.60642155232,..,..
Electric power consumption (kWh per capita),EG.USE.ELEC.KH.PC,Greenland,GRL,..,..,..,..,..,..,..,..,..,..,..,..
Electric power consumption (kWh per capita),EG.USE.ELEC.KH.PC,Grenada,GRD,..,..,..,..,..,..,..,..,..,..,..,..
Electric power consumption (kWh per capita),EG.USE.ELEC.KH.PC,Guam,GUM,..,..,..,..,..,..,..,..,..,..,..,..
Electric power consumption (kWh per capita),EG.USE.ELEC.KH.PC,Guatemala,GTM,200.457414241846,330.451027887234,543.492303737309,530.544468136846,537.782071900604,541.953110427406,534.553702511867,532.641619544843,558.404751306952,577.885885937936,..,..
Electric power consumption (kWh per capita),EG.USE.ELEC.KH.PC,Guinea,GIN,..,..,..,..,..,..,..,..,..,..,..,..
Electric power consumption (kWh per capita),EG.USE.ELEC.KH.PC,Guinea-Bissau,GNB,..,..,..,..,..,..,..,..,..,..,..,..
Electric power consumption (kWh per capita),EG.USE.ELEC.KH.PC,Guyana,GUY,..,..,..,..,..,..,..,..,..,..,..,..
Electric power consumption (kWh per capita),EG.USE.ELEC.KH.PC,Haiti,HTI,58.3120602298791,35.4419126935854,25.3220477919122,23.5960139840901,35.7256312120225,24.4009345557935,31.1481831442198,45.9704875301408,43.7125950557221,38.9691487302962,..,..
Electric power consumption (kWh per capita),EG.USE.ELEC.KH.PC,Honduras,HND,367.886848257068,492.161360872911,643.230151847983,665.086683557192,633.352420609728,627.1066769594,674.242061401408,646.746878485185,653.631384932751,630.135530789573,..,..
Electric power consumption (kWh per capita),EG.USE.ELEC.KH.PC,"Hong Kong SAR, China",HKG,4177.92970461916,5446.66166541635,5907.34930526438,5883.03774181494,5950.83754015604,5973.34927820962,5959.89592171503,6027.45087076846,5934.05217391304,6073.02152809423,..,..
Electric power consumption (kWh per capita),EG.USE.ELEC.KH.PC,Hungary,HUN,3426.55110069532,3309.2837106285,3976.51897714548,3988.76769393042,3773.15380662799,3876.49108407051,3898.82314267127,3923.04232446356,3892.11370127125,3965.95823348335,..,..
Electric power consumption (kWh per capita),EG.USE.ELEC.KH.PC,Iceland,ISL,16148.2737240313,26201.5255774257,36852.5448861557,50063.9543309369,51259.1876269627,51439.9086910178,52373.8770085325,53202.8336596865,54799.174707503,53832.4790919587,..,..
Electric power consumption (kWh per capita),EG.USE.ELEC.KH.PC,India,IND,273.04661349199,394.963809689004,543.358645377253,562.899170204262,600.201702070689,642.111615380326,698.547812717171,724.79118848033,765.563845576737,805.59919060256,..,..
Electric power consumption (kWh per capita),EG.USE.ELEC.KH.PC,Indonesia,IDN,162.502847203215,390.374551050948,544.71208166736,568.396051485185,592.156417436419,634.176089773964,678.644292644355,732.102353926359,773.293854049154,811.900183903872,..,..
Electric power consumption (kWh per capita),EG.USE.ELEC.KH.PC,"Iran, Islamic Rep.",IRN,943.226007597706,1534.61598097643,2285.04067194417,2398.47209867695,2479.91638752074,2631.23976338703,2651.07704326557,2751.34292610049,2795.95694908674,2985.68728005982,..,..
Electric power consumption (kWh per capita),EG.USE.ELEC.KH.PC,Iraq,IRQ,1305.16878322492,1237.40670278089,768.850549056437,750.186773800808,836.504134585678,1195.99381081655,1272.73087733676,1110.27477523503,1397.12532588105,1305.68746914822,..,..
Electric power consumption (kWh per capita),EG.USE.ELEC.KH.PC,Ireland,IRL,3767.52929873699,5796.05558116396,6218.31340354112,6340.73304549415,5947.90948929251,5927.86867990233,5661.60504492883,5666.57590087591,5730.38609536493,5721.83508492655,..,..
Electric power consumption (kWh per capita),EG.USE.ELEC.KH.PC,Isle of Man,IMN,..,..,..,..,..,..,..,..,..,..,..,..
Electric power consumption (kWh per capita),EG.USE.ELEC.KH.PC,Israel,ISR,4176.18025751073,6323.10383208777,7003.24508015209,7134.00284588441,6607.88714331517,6953.27666719135,6930.0007726184,7184.50161178181,6710.09367826788,6600.8982801222,..,..
Electric power consumption (kWh per capita),EG.USE.ELEC.KH.PC,Italy,ITA,4144.90744234232,5299.85647879422,5804.32596356739,5757.9606114778,5368.39056667135,5493.71103670054,5514.80361496787,5397.74147734024,5159.18365503785,5002.40667987736,..,..
Electric power consumption (kWh per capita),EG.USE.ELEC.KH.PC,Jamaica,JAM,866.250151593777,2274.48601057487,1921.83873921037,1156.93865716266,1218.58062638682,1213.25708768604,1203.39580271095,1038.01770649125,1015.49649047078,1055.52346941236,..,..
Electric power consumption (kWh per capita),EG.USE.ELEC.KH.PC,Japan,JPN,6805.5400406356,8299.40950624,8710.0257029242,8270.00773057011,8020.27380571197,8594.90903412197,8099.59869517261,7998.34677071825,7988.58331044764,7819.71463590936,..,..
Electric power consumption (kWh per capita),EG.USE.ELEC.KH.PC,Jordan,JOR,935.240362390193,1294.49965021467,1802.62485042041,1866.61513982972,1831.37187521807,1865.67423935487,1868.13286911862,1941.17714032765,1877.58573638634,1888.11695268617,..,..
Electric power consumption (kWh per capita),EG.USE.ELEC.KH.PC,Kazakhstan,KAZ,5905.00367017372,3169.52334061606,4487.28613026757,4689.16677299987,4447.35784253992,4728.09588727955,4892.91279610548,5180.85868233339,5345.55503213186,5599.90431033805,..,..
Electric power consumption (kWh per capita),EG.USE.ELEC.KH.PC,Kenya,KEN,125.200261664274,106.103298954105,141.7059521935,141.155136391725,142.107289562167,150.277561252979,151.129153194946,152.841127776443,163.473457614654,166.738186934062,..,..
Electric power consumption (kWh per capita),EG.USE.ELEC.KH.PC,Kiribati,KIR,..,..,..,..,..,..,..,..,..,..,..,..
Electric power consumption (kWh per capita),EG.USE.ELEC.KH.PC,"Korea, Dem. People’s Rep.",PRK,1237.41847826355,712.370647311329,748.699897770092,802.830605577628,727.097442298725,741.676049613529,654.712599937109,651.564249087291,617.666486192094,600.28595700739,..,..
Electric power consumption (kWh per capita),EG.USE.ELEC.KH.PC,"Korea, Rep.",KOR,2373.21440622182,5906.95933303936,8462.20654257597,8772.28746321352,8877.57493307098,9716.12608051578,10129.9570868187,10305.3289817402,10384.6221649164,10496.5136719641,..,..
Electric power consumption (kWh per capita),EG.USE.ELEC.KH.PC,Kosovo,XKX,..,1557.05882352941,2395.8638609349,2644.52612850188,2558.08487664308,2649.68913317715,2946.95700725851,2862.84068247286,2907.73532152843,2804.36930508289,..,..
Electric power consumption (kWh per capita),EG.USE.ELEC.KH.PC,Kuwait,KWT,8206.26638693284,14027.612458131,17097.4790385914,17054.7516532571,16531.3970965672,16722.6857962238,15786.3349723962,15833.0476658315,14891.1247684725,15213.4198733625,..,..
Electric power consumption (kWh per capita),EG.USE.ELEC.KH.PC,Kyrgyz Republic,KGZ,2330.57023137183,1696.06402090479,1456.22959532306,1378.72036399872,1323.72336670815,1371.72121367867,1649.25833242665,1809.10258239406,1887.02007133366,1941.22183189101,..,..
Electric power consumption (kWh per capita),EG.USE.ELEC.KH.PC,Lao PDR,LAO,..,..,..,..,..,..,..,..,..,..,..,..
Electric power consumption (kWh per capita),EG.USE.ELEC.KH.PC,Latvia,LVA,3396.7281614899,2082.32138708792,3169.07729539954,3213.1214400075,3026.61148851667,3229.95106206989,3264.05332015348,3587.93286598611,3472.54138455477,3507.40452065472,..,..
Electric power consumption (kWh per capita),EG.USE.ELEC.KH.PC,Lebanon,LBN,517.93996039979,2985.44275979905,2796.05899082483,2966.3976111195,3140.45185022983,3478.78936838807,3342.58280939977,2802.2514016342,3100.39495066623,2892.77046529363,..,..
Electric power consumption (kWh per capita),EG.USE.ELEC.KH.PC,Lesotho,LSO,..,..,..,..,..,..,..,..,..,..,..,..
Electric power consumption (kWh per capita),EG.USE.ELEC.KH.PC,Liberia,LBR,..,..,..,..,..,..,..,..,..,..,..,..
Electric power consumption (kWh per capita),EG.USE.ELEC.KH.PC,Libya,LBY,1576.86151815521,2222.65747604771,3795.58224442672,3159.38436610267,3148.96799619281,3377.29407988796,2863.80836945049,2272.8966751626,2367.18383078033,1857.15658076874,..,..
Electric power consumption (kWh per capita),EG.USE.ELEC.KH.PC,Liechtenstein,LIE,..,..,..,..,..,..,..,..,..,..,..,..
Electric power consumption (kWh per capita),EG.USE.ELEC.KH.PC,Lithuania,LTU,4023.43207030703,2516.90509827589,3564.20678526931,3733.62649539699,3622.29031691009,3470.78503022973,3529.91877785355,3607.70379811318,3663.6711973436,3821.1451704374,..,..
Electric power consumption (kWh per capita),EG.USE.ELEC.KH.PC,Luxembourg,LUX,13667.6705512636,15668.1182672473,16352.321804693,15937.7877826665,14425.9647276022,16829.9625409062,15586.084225432,14703.9435272137,14193.1684334511,13914.6784488756,..,..
Electric power consumption (kWh per capita),EG.USE.ELEC.KH.PC,"Macao SAR, China",MAC,..,..,..,..,..,..,..,..,..,..,..,..
Electric power consumption (kWh per capita),EG.USE.ELEC.KH.PC,"Macedonia, FYR",MKD,2667.53096339697,2895.58923914117,3621.47281619864,3676.15404633308,3421.3058572041,3574.08635274653,3882.9695090145,3681.22829111934,3551.02447851103,3496.99999277977,..,..
Electric power consumption (kWh per capita),EG.USE.ELEC.KH.PC,Madagascar,MDG,..,..,..,..,..,..,..,..,..,..,..,..
Electric power consumption (kWh per capita),EG.USE.ELEC.KH.PC,Malawi,MWI,..,..,..,..,..,..,..,..,..,..,..,..
Electric power consumption (kWh per capita),EG.USE.ELEC.KH.PC,Malaysia,MYS,1156.81498294658,2748.08407008348,3284.51547734917,3301.23463593413,3960.60435024575,4159.63993540334,4104.88823378055,4323.34688220164,4484.16998118002,4596.33193933959,..,..
Electric power consumption (kWh per capita),EG.USE.ELEC.KH.PC,Maldives,MDV,..,..,..,..,..,..,..,..,..,..,..,..
Electric power consumption (kWh per capita),EG.USE.ELEC.KH.PC,Mali,MLI,..,..,..,..,..,..,..,..,..,..,..,..
Electric power consumption (kWh per capita),EG.USE.ELEC.KH.PC,Malta,MLT,2823.50283762035,4311.8586366631,4873.08346692106,4836.59396305135,4434.18663343653,4767.09737809644,4867.05679994619,5008.88057121741,4945.98156712505,5007.44096367499,..,..
Electric power consumption (kWh per capita),EG.USE.ELEC.KH.PC,Marshall Islands,MHL,..,..,..,..,..,..,..,..,..,..,..,..
Electric power consumption (kWh per capita),EG.USE.ELEC.KH.PC,Mauritania,MRT,..,..,..,..,..,..,..,..,..,..,..,..
Electric power consumption (kWh per capita),EG.USE.ELEC.KH.PC,Mauritius,MUS,670.586290760549,1363.24610973541,1816.67110347442,1881.64977522283,1907.12256970136,1995.36148432502,2025.70416574843,2075.03571195383,2148.32841140489,2182.50915591141,..,..
Electric power consumption (kWh per capita),EG.USE.ELEC.KH.PC,Mexico,MEX,1165.39922257201,1750.55615839426,1998.72409994511,1995.43718330226,1942.76054760049,1963.31468760871,2153.7153697778,2187.22753435584,2079.19357947869,2090.17594363621,..,..
Electric power consumption (kWh per capita),EG.USE.ELEC.KH.PC,"Micronesia, Fed. Sts.",FSM,..,..,..,..,..,..,..,..,..,..,..,..
Electric power consumption (kWh per capita),EG.USE.ELEC.KH.PC,Moldova,MDA,3235.38961038961,1638.09569863875,1996.41590087534,2028.22995830938,1740.79903432911,1722.88671254855,1470.23050090646,1514.53047448265,1352.7921078322,1386.23443895606,..,..
Electric power consumption (kWh per capita),EG.USE.ELEC.KH.PC,Monaco,MCO,..,..,..,..,..,..,..,..,..,..,..,..
Electric power consumption (kWh per capita),EG.USE.ELEC.KH.PC,Mongolia,MNG,1489.36998230429,1053.62562337431,1333.88895962835,1425.72801736291,1380.66004094759,1492.63635190681,1500.6250190113,1594.04397514627,1902.33407119358,2017.51361881544,..,..
Electric power consumption (kWh per capita),EG.USE.ELEC.KH.PC,Montenegro,MNE,..,..,6564.6437994723,6287.18784898431,5010.5613187254,5419.51606966427,5741.20394336851,5415.71798949728,4574.96454482966,4612.34139045689,..,..
Electric power consumption (kWh per capita),EG.USE.ELEC.KH.PC,Morocco,MAR,358.131407778791,489.08788091185,715.848497597234,732.129827478083,744.297488672752,774.368390835825,823.888305433216,874.428046568603,878.586931369731,901.128448845131,..,..
Electric power consumption (kWh per capita),EG.USE.ELEC.KH.PC,Mozambique,MOZ,41.3658302692048,123.148026640045,449.153874952695,432.358936878484,431.898180174063,440.395592245784,440.675159253547,445.385967288667,436.136708676113,462.620288073275,..,..
Electric power consumption (kWh per capita),EG.USE.ELEC.KH.PC,Myanmar,MMR,44.8724654626011,76.2764889958148,90.2757132950725,95.0085602692592,100.259655036908,125.408984818056,155.717666068331,157.31610911858,186.82870824081,216.777608552408,..,..
Electric power consumption (kWh per capita),EG.USE.ELEC.KH.PC,Namibia,NAM,..,994.072945367583,1549.58255505634,1589.93531541155,1541.85228166061,1546.58862399168,1567.95769673604,1610.02926763766,1631.75798180029,1584.56882182648,..,..
Electric power consumption (kWh per capita),EG.USE.ELEC.KH.PC,Nauru,NRU,..,..,..,..,..,..,..,..,..,..,..,..
Electric power consumption (kWh per capita),EG.USE.ELEC.KH.PC,Nepal,NPL,35.4677902862629,59.3069069674706,88.1942969188414,84.0765921891335,97.4529734244694,102.504753611692,114.611305746626,118.011170012215,131.426094618927,139.143680626098,..,..
Electric power consumption (kWh per capita),EG.USE.ELEC.KH.PC,Netherlands,NLD,5218.20204113163,6507.10592493944,7157.37857667485,7173.04629878655,6856.28189731542,7006.27382053053,7060.05376840719,6876.58975293409,6833.91143479292,6712.774758245,..,..
Electric power consumption (kWh per capita),EG.USE.ELEC.KH.PC,New Caledonia,NCL,..,..,..,..,..,..,..,..,..,..,..,..
Electric power consumption (kWh per capita),EG.USE.ELEC.KH.PC,New Zealand,NZL,8972.31064928825,9384.3481867434,9640.60798333254,9556.31719799052,9403.84883558778,9601.90314202312,9458.48540145985,9360.94916177038,9089.61977443101,9026.32104131095,..,..
Electric power consumption (kWh per capita),EG.USE.ELEC.KH.PC,Nicaragua,NIC,308.355641665651,347.736411026029,464.134516794861,477.968921652779,484.066141470492,514.141236863474,537.034549968835,579.536738137193,598.074556485501,580.479172171187,..,..
Electric power consumption (kWh per capita),EG.USE.ELEC.KH.PC,Niger,NER,..,32.6786648748306,39.1319043779875,39.2684124036964,42.6839328128339,44.321119171575,47.5251860045535,49.5160231707918,48.4631483614897,51.4408154617409,..,..
Electric power consumption (kWh per capita),EG.USE.ELEC.KH.PC,Nigeria,NGA,87.0263571356805,74.449124901578,138.836314553149,127.17879572103,120.57472167443,136.361692098515,150.131624415949,156.732968838872,142.676479342991,144.479924464909,..,..
Electric power consumption (kWh per capita),EG.USE.ELEC.KH.PC,Northern Mariana Islands,MNP,..,..,..,..,..,..,..,..,..,..,..,..
Electric power consumption (kWh per capita),EG.USE.ELEC.KH.PC,Norway,NOR,23353.915019617,24993.7262954727,24855.00046399,24866.1343077867,23859.7095797111,24890.9240104621,23510.3838252016,24070.9859157175,23806.8848810237,22999.9345951283,..,..
Electric power consumption (kWh per capita),EG.USE.ELEC.KH.PC,Oman,OMN,2186.89298958149,3201.95274143504,4378.16072183695,4776.70646107631,5239.43943374511,5521.03266194525,5879.03133135718,6236.42717693362,6296.40836097504,6553.51969552567,..,..
Electric power consumption (kWh per capita),EG.USE.ELEC.KH.PC,Pakistan,PAK,277.353124177471,372.399485039645,480.986524955247,442.709375511761,458.839824679595,465.161323526261,455.322413881644,450.381145330247,481.876338841565,471.041568895674,..,..
Electric power consumption (kWh per capita),EG.USE.ELEC.KH.PC,Palau,PLW,..,..,..,..,..,..,..,..,..,..,..,..
Electric power consumption (kWh per capita),EG.USE.ELEC.KH.PC,Panama,PAN,833.262849305689,1266.52162277125,1571.88864345923,1626.72469788992,1639.38777192171,1744.88406141597,1824.0015189674,1954.18000507827,2016.95366529615,2062.76354474632,..,..
Electric power consumption (kWh per capita),EG.USE.ELEC.KH.PC,Papua New Guinea,PNG,..,..,..,..,..,..,..,..,..,..,..,..
Electric power consumption (kWh per capita),EG.USE.ELEC.KH.PC,Paraguay,PRY,505.488945455132,887.472419710713,984.050207176845,1033.55036788605,1092.88155021095,1178.60627513234,1282.53547985369,1368.03580500999,1472.99458375994,1563.50532858488,..,..
Electric power consumption (kWh per capita),EG.USE.ELEC.KH.PC,Peru,PER,546.350247481772,680.18839678935,968.128766957894,1039.45327802058,1040.63557800634,1094.31427069013,1241.66712561621,1211.31473804506,1267.59667596205,1307.51096571589,..,..
Electric power consumption (kWh per capita),EG.USE.ELEC.KH.PC,Philippines,PHL,360.741835146841,499.348846283628,582.382881439621,585.563730129003,590.126667519619,639.540798994318,645.437968117279,666.49363152281,685.665032429798,699.205069808172,..,..
Electric power consumption (kWh per capita),EG.USE.ELEC.KH.PC,Poland,POL,3272.30231066893,3256.18045539478,3661.64610383478,3725.74877788007,3590.8320811579,3797.09229558691,3879.542093812,3899.17664227808,3938.25520772816,3971.79976131055,..,..
Electric power consumption (kWh per capita),EG.USE.ELEC.KH.PC,Portugal,PRT,2541.86575911695,3988.96082351837,4890.56018781815,4850.83741255711,4843.84969427758,4959.09430535983,4848.27933727111,4736.35177088695,4685.05478711273,4662.60079980294,..,..
Electric power consumption (kWh per capita),EG.USE.ELEC.KH.PC,Puerto Rico,PRI,..,..,..,..,..,..,..,..,..,..,..,..
Electric power consumption (kWh per capita),EG.USE.ELEC.KH.PC,Qatar,QAT,9587.67538750538,14353.3237543203,15192.920841974,14457.2034819361,14232.640591408,14821.2371240608,14761.374429191,15462.407469207,14445.4076987371,15309.4293804084,..,..
Electric power consumption (kWh per capita),EG.USE.ELEC.KH.PC,Romania,ROU,2924.5962657695,1987.66018990979,2529.90688781899,2605.8197354887,2390.57474297148,2550.8632914192,2639.03343377907,2604.24313747583,2494.53391823023,2584.41178726443,..,..
Electric power consumption (kWh per capita),EG.USE.ELEC.KH.PC,Russian Federation,RUS,6673.17859358563,5198.41676772804,6286.0505362386,6399.68446645302,6095.3805748492,6409.89521772674,6485.76084470892,6617.13624077975,6539.21120216991,6602.65752529282,..,..
Electric power consumption (kWh per capita),EG.USE.ELEC.KH.PC,Rwanda,RWA,..,..,..,..,..,..,..,..,..,..,..,..
Electric power consumption (kWh per capita),EG.USE.ELEC.KH.PC,Samoa,WSM,..,..,..,..,..,..,..,..,..,..,..,..
Electric power consumption (kWh per capita),EG.USE.ELEC.KH.PC,San Marino,SMR,..,..,..,..,..,..,..,..,..,..,..,..
Electric power consumption (kWh per capita),EG.USE.ELEC.KH.PC,Sao Tome and Principe,STP,..,..,..,..,..,..,..,..,..,..,..,..
Electric power consumption (kWh per capita),EG.USE.ELEC.KH.PC,Saudi Arabia,SAU,3994.8391648953,5637.55736284448,6923.85000512225,7188.99246244425,7468.3367307426,7973.51357902719,8023.5441436758,8522.89614680862,8816.3172399477,9444.21566403336,..,..
Electric power consumption (kWh per capita),EG.USE.ELEC.KH.PC,Senegal,SEN,103.234454578627,101.678947055317,181.158855766642,158.309309021656,189.069850434036,199.129327917614,199.685585422351,210.74887877291,210.193536690387,223.496163338778,..,..
Electric power consumption (kWh per capita),EG.USE.ELEC.KH.PC,Serbia,SRB,4628.65805431057,4198.71570574319,4159.13722524679,4291.84315793455,4224.39766544863,4358.81217362396,4489.57085049569,4386.5345515821,4444.22297076603,4271.7446669105,..,..
Electric power consumption (kWh per capita),EG.USE.ELEC.KH.PC,Seychelles,SYC,..,..,..,..,..,..,..,..,..,..,..,..
Electric power consumption (kWh per capita),EG.USE.ELEC.KH.PC,Sierra Leone,SLE,..,..,..,..,..,..,..,..,..,..,..,..
Electric power consumption (kWh per capita),EG.USE.ELEC.KH.PC,Singapore,SGP,4983.0463530953,7575.43595438502,8706.57906694396,8401.04839529561,8114.36744885739,8679.99335005275,8651.75527539466,8673.98521620115,8680.60636076487,8844.68759301201,..,..
Electric power consumption (kWh per capita),EG.USE.ELEC.KH.PC,Sint Maarten (Dutch part),SXM,..,..,..,..,..,..,..,..,..,..,..,..
Electric power consumption (kWh per capita),EG.USE.ELEC.KH.PC,Slovak Republic,SVK,5542.17090281962,4955.9078964949,5272.37078254061,5294.43509883286,4954.13825099705,5201.40489681027,5347.52622266219,5137.78901796904,5202.46728807607,5137.07383519398,..,..
Electric power consumption (kWh per capita),EG.USE.ELEC.KH.PC,Slovenia,SVN,5334.90544555719,5777.99565091695,7137.82417514898,6920.244039032,6104.42184491699,6510.84188436593,6753.07366418182,6718.97505248744,6779.28088650566,6727.99930164211,..,..
Electric power consumption (kWh per capita),EG.USE.ELEC.KH.PC,Solomon Islands,SLB,..,..,..,..,..,..,..,..,..,..,..,..
Electric power consumption (kWh per capita),EG.USE.ELEC.KH.PC,Somalia,SOM,..,..,..,..,..,..,..,..,..,..,..,..
Electric power consumption (kWh per capita),EG.USE.ELEC.KH.PC,South Africa,ZAF,4239.55433420423,4587.18089302289,4875.10751341723,4686.06480416439,4447.64468360836,4563.76207461234,4590.54717119324,4393.1500626294,4315.80491405734,4228.86072637709,..,..
Electric power consumption (kWh per capita),EG.USE.ELEC.KH.PC,South Sudan,SSD,..,..,..,..,..,..,..,38.7308196938916,39.8121581857823,39.892564121443,..,..
Electric power consumption (kWh per capita),EG.USE.ELEC.KH.PC,Spain,ESP,3536.74997212311,5167.80967319354,6054.37443809592,6025.77275684571,5652.59593296768,5706.56306279914,5599.37737439498,5573.40118151359,5409.41133797704,5355.98700558221,..,..
Electric power consumption (kWh per capita),EG.USE.ELEC.KH.PC,Sri Lanka,LKA,153.647968146153,296.75690163495,424.039048200122,429.984356865318,428.435496794872,462.945474427158,505.303142420206,524.308445532436,525.722613553558,531.269558519089,..,..
Electric power consumption (kWh per capita),EG.USE.ELEC.KH.PC,St. Kitts and Nevis,KNA,..,..,..,..,..,..,..,..,..,..,..,..
Electric power consumption (kWh per capita),EG.USE.ELEC.KH.PC,St. Lucia,LCA,..,..,..,..,..,..,..,..,..,..,..,..
Electric power consumption (kWh per capita),EG.USE.ELEC.KH.PC,St. Martin (French part),MAF,..,..,..,..,..,..,..,..,..,..,..,..
Electric power consumption (kWh per capita),EG.USE.ELEC.KH.PC,St. Vincent and the Grenadines,VCT,..,..,..,..,..,..,..,..,..,..,..,..
Electric power consumption (kWh per capita),EG.USE.ELEC.KH.PC,Sudan,SDN,49.7458499272477,62.405344106087,90.5462229163681,98.4231778135704,112.821605577893,131.055268893964,141.645344136725,156.942337738062,158.658669826765,190.220886811296,..,..
Electric power consumption (kWh per capita),EG.USE.ELEC.KH.PC,Suriname,SUR,..,2258.72689938398,2776.11559627628,3043.78547524207,3040.6112723508,2997.51189405877,3339.04576656026,3340.30315950972,3662.40277214583,3631.86404053087,..,..
Electric power consumption (kWh per capita),EG.USE.ELEC.KH.PC,Swaziland,SWZ,..,..,..,..,..,..,..,..,..,..,..,..
Electric power consumption (kWh per capita),EG.USE.ELEC.KH.PC,Sweden,SWE,15836.0337592675,15681.6152732118,15257.9357531603,14869.3489776224,14143.0110076717,14934.3269646836,14030.1631469203,14289.5950931227,13870.3899085651,13480.148224391,..,..
Electric power consumption (kWh per capita),EG.USE.ELEC.KH.PC,Switzerland,CHE,7445.292016894,7845.63454779552,8163.29557600551,8305.92304197027,8021.22360366594,8174.40816244636,7928.19066988289,7886.09430625342,7807.05881538508,7520.16602494502,..,..
Electric power consumption (kWh per capita),EG.USE.ELEC.KH.PC,Syrian Arab Republic,SYR,688.806220001316,1064.90536016177,1559.58348490786,1584.95930445403,1543.0091285463,1853.43297349415,1690.232545611,1365.13433108883,1056.43147272262,949.586759214272,..,..
Electric power consumption (kWh per capita),EG.USE.ELEC.KH.PC,Tajikistan,TJK,3358.61346382706,2161.60824811923,2047.14930753867,1920.45449570764,1883.49269532689,1864.9162547781,1783.7885073201,1734.57066374219,1668.29526099228,1479.77727408883,..,..
Electric power consumption (kWh per capita),EG.USE.ELEC.KH.PC,Tanzania,TZA,51.1791149618824,57.9319318526205,79.3584251777306,83.5217927631579,69.8545554271381,92.952949473011,83.8537810361468,93.7595558804203,95.9780174792559,99.1674737424918,..,..
Electric power consumption (kWh per capita),EG.USE.ELEC.KH.PC,Thailand,THA,709.243535241907,1447.94894363023,2079.82054400431,2104.97257826795,2100.67401378015,2307.3315033351,2283.35115007183,2443.32662151198,2514.81203553142,2539.61119358277,..,..
Electric power consumption (kWh per capita),EG.USE.ELEC.KH.PC,Timor-Leste,TLS,..,..,..,..,..,..,..,..,..,..,..,..
Electric power consumption (kWh per capita),EG.USE.ELEC.KH.PC,Togo,TGO,90.5744479711852,94.3592294090155,101.044038360052,103.541240248785,122.581696909804,122.559723645507,133.098138392719,142.576363637954,142.553941900466,152.720013999335,..,..
Electric power consumption (kWh per capita),EG.USE.ELEC.KH.PC,Tonga,TON,..,..,..,..,..,..,..,..,..,..,..,..
Electric power consumption (kWh per capita),EG.USE.ELEC.KH.PC,Trinidad and Tobago,TTO,2682.70725918651,3990.58663200797,5668.85110673205,5707.13075844704,5714.20788760444,6189.29297492659,6389.77875138224,6628.71164619839,6876.33135743572,7134.03465355672,..,..
Electric power consumption (kWh per capita),EG.USE.ELEC.KH.PC,Tunisia,TUN,632.348884589284,977.400500268218,1151.7673136768,1189.73770040671,1274.58768119702,1364.38854725656,1320.63779036817,1403.73528429452,1417.94160056173,1444.10739930732,..,..
Electric power consumption (kWh per capita),EG.USE.ELEC.KH.PC,Turkey,TUR,929.699933972778,1652.74826087066,2347.11755477919,2421.97504964223,2314.11390528221,2491.63126191171,2696.31480032102,2772.05804859488,2760.64603038611,2854.56584879459,..,..
Electric power consumption (kWh per capita),EG.USE.ELEC.KH.PC,Turkmenistan,TKM,2282.86580277885,1692.15640556042,2254.35136629627,2316.56226536045,2353.45800177717,2382.05224474712,2412.03186433248,2428.88972119307,2540.86771890456,2678.80614850315,..,..
Electric power consumption (kWh per capita),EG.USE.ELEC.KH.PC,Turks and Caicos Islands,TCA,..,..,..,..,..,..,..,..,..,..,..,..
Electric power consumption (kWh per capita),EG.USE.ELEC.KH.PC,Tuvalu,TUV,..,..,..,..,..,..,..,..,..,..,..,..
Electric power consumption (kWh per capita),EG.USE.ELEC.KH.PC,Uganda,UGA,..,..,..,..,..,..,..,..,..,..,..,..
Electric power consumption (kWh per capita),EG.USE.ELEC.KH.PC,Ukraine,UKR,4787.48169274647,2778.43708968679,3528.9248290935,3534.35715181308,3227.95543424684,3549.84772414635,3662.44330625453,3640.55683620181,3600.22950300728,3418.58502352461,..,..
Electric power consumption (kWh per capita),EG.USE.ELEC.KH.PC,United Arab Emirates,ARE,8355.66995345597,12232.620426793,11688.3217872998,11613.9790127407,10966.4349323078,10968.2584898661,10612.4260952035,10698.2195175908,10952.7114631229,11263.5319203776,..,..
Electric power consumption (kWh per capita),EG.USE.ELEC.KH.PC,United Kingdom,GBR,5356.575210001,6114.52925918564,6102.39676772278,6015.72686068947,5643.1285945674,5700.85586444268,5471.92413249939,5449.25220132401,5409.63038646976,5129.5277927902,..,..
Electric power consumption (kWh per capita),EG.USE.ELEC.KH.PC,United States,USA,11713.3317042099,13671.0520240061,13657.4528282523,13663.4279681827,12913.7146883015,13393.991281533,13242.4871068738,12959.2038435332,12998.0620035158,12986.7407013565,..,..
Electric power consumption (kWh per capita),EG.USE.ELEC.KH.PC,Uruguay,URY,1244.37739168852,2030.2627478551,2413.36079654081,2586.22953637672,2659.72394658546,2803.15254644138,2808.34493139226,2931.01372271421,2985.03083182096,3067.95112567575,..,..
Electric power consumption (kWh per capita),EG.USE.ELEC.KH.PC,Uzbekistan,UZB,2383.2276938079,1780.45792360367,1664.06133690636,1652.6510101528,1643.14988079547,1653.46749572865,1631.5262070799,1610.80790609414,1637.19447677494,1645.44162925056,..,..
Electric power consumption (kWh per capita),EG.USE.ELEC.KH.PC,Vanuatu,VUT,..,..,..,..,..,..,..,..,..,..,..,..
Electric power consumption (kWh per capita),EG.USE.ELEC.KH.PC,"Venezuela, RB",VEN,2449.05385954938,2635.37667314322,2970.71731818237,3069.0753199318,3030.81894026943,3130.93897888293,3193.02416013201,3245.56720150617,3240.59939874361,2657.62233778243,..,..
Electric power consumption (kWh per capita),EG.USE.ELEC.KH.PC,Vietnam,VNM,98.0963907617315,295.037156596149,738.471950937146,813.15856562659,917.396105783203,1034.60731026946,1115.4981260023,1219.79479603465,1290.98312713418,1439.15555021608,..,..
Electric power consumption (kWh per capita),EG.USE.ELEC.KH.PC,Virgin Islands (U.S.),VIR,..,..,..,..,..,..,..,..,..,..,..,..
Electric power consumption (kWh per capita),EG.USE.ELEC.KH.PC,West Bank and Gaza,PSE,..,..,..,..,..,..,..,..,..,..,..,..
Electric power consumption (kWh per capita),EG.USE.ELEC.KH.PC,"Yemen, Rep.",YEM,122.003420574488,139.023117838177,206.651417217258,225.349431399728,222.459882248167,249.970569894351,190.250734304335,190.405696610863,246.751663511274,216.258831188074,..,..
Electric power consumption (kWh per capita),EG.USE.ELEC.KH.PC,Zambia,ZMB,762.7765064836,591.00459481384,652.523728242726,579.017019431353,558.246671457937,580.143022041897,621.041117001931,721.499690780988,735.883684051102,707.190217460192,..,..
Electric power consumption (kWh per capita),EG.USE.ELEC.KH.PC,Zimbabwe,ZWE,886.565827168961,872.83430850831,698.954508991772,573.294816693537,531.041412468786,546.842726881697,570.250931957817,542.729551692067,557.573925042775,536.995492053914,..,..
Electric power consumption (kWh per capita),EG.USE.ELEC.KH.PC,Arab World,ARB,1062.99949931895,1509.8121225755,1987.1109820734,2053.18891803874,2110.7612301402,2286.73538038414,2322.21334205943,2360.61917505294,2416.28262352013,2489.22007258894,..,..
Electric power consumption (kWh per capita),EG.USE.ELEC.KH.PC,Caribbean small states,CSS,..,2767.64641804696,3084.38562155235,2662.61701296054,2701.49337572388,2828.90851226385,2919.37383275091,2889.1930070342,..,..,..,..
Electric power consumption (kWh per capita),EG.USE.ELEC.KH.PC,Central Europe and the Baltics,CEB,3743.96274855128,3343.03080981428,3979.83855309494,4043.95892399766,3836.00103891973,4012.71042364339,4096.89408410952,4093.45935709746,4075.34293001873,4115.63020118839,..,..
Electric power consumption (kWh per capita),EG.USE.ELEC.KH.PC,Early-demographic dividend,EAR,533.721805027332,730.874009497873,928.89029033391,948.982166134197,963.456261224524,1017.72284344262,1068.07260253676,1094.73782400539,1119.26017268089,1150.11864963311,..,..
Electric power consumption (kWh per capita),EG.USE.ELEC.KH.PC,East Asia & Pacific,EAS,1096.55006078692,1666.89978093759,2646.57373767535,2700.73044498125,2795.93338834759,3076.91940590289,3276.05095685732,3393.31102553649,3583.00195659902,3679.76038904294,..,..
Electric power consumption (kWh per capita),EG.USE.ELEC.KH.PC,East Asia & Pacific (excluding high income),EAP,460.807166755379,875.682889744134,1866.39297939545,1955.74740788232,2083.91081348185,2332.67186067715,2580.15975342075,2719.23348425075,2934.24877501569,3050.88793964456,..,..
Electric power consumption (kWh per capita),EG.USE.ELEC.KH.PC,East Asia & Pacific (IDA & IBRD countries),TEA,450.717768762175,877.790626682207,1880.76202516378,1970.54251095374,2101.28967060755,2353.01365279845,2604.73468345382,2745.57586004163,2963.7076589432,3081.98967577256,..,..
Electric power consumption (kWh per capita),EG.USE.ELEC.KH.PC,Euro area,EMU,5299.1994618933,6236.13365483515,6861.33219286684,6853.87732762845,6496.23460710849,6773.18751288314,6643.7995945518,6637.03169983555,6537.06623600984,6353.44162491013,..,..
Electric power consumption (kWh per capita),EG.USE.ELEC.KH.PC,Europe & Central Asia,ECS,5050.5585000571,4940.3098737036,5550.24911530314,5582.11904152463,5293.65509359441,5527.05229159072,5488.53128790449,5520.53207812044,5458.82763622514,5372.43730556301,..,..
Electric power consumption (kWh per capita),EG.USE.ELEC.KH.PC,Europe & Central Asia (excluding high income),ECA,4508.41330476794,3343.97518270696,4026.05804874697,4099.64155269737,3881.72603878225,4091.89570531732,4191.1516440147,4256.5145225702,4219.51615511232,4247.49693493592,..,..
Electric power consumption (kWh per capita),EG.USE.ELEC.KH.PC,Europe & Central Asia (IDA & IBRD countries),TEC,4397.78944060509,3336.24890016427,3994.25600260559,4067.0859691038,3856.48160978962,4066.49411353884,4164.41298466382,4226.00233467166,4195.64285479042,4224.23566923331,..,..
Electric power consumption (kWh per capita),EG.USE.ELEC.KH.PC,European Union,EUU,5157.48457997769,5821.03078906556,6366.75335051704,6359.18112168683,6026.64163999519,6268.04232751304,6150.32280119031,6147.22304085397,6065.71605546034,5908.78515996053,..,..
Electric power consumption (kWh per capita),EG.USE.ELEC.KH.PC,Fragile and conflict affected situations,FCS,316.501515463552,391.489122310127,444.224313339274,431.232564321174,440.41518195332,512.989917987766,500.640150395619,441.64708286823,466.07729705774,445.37232794645,..,..
Electric power consumption (kWh per capita),EG.USE.ELEC.KH.PC,Heavily indebted poor countries (HIPC),HPC,..,128.717473765855,167.643490068215,166.988145022388,168.627474880364,177.792929599253,183.66672801485,197.439281262921,203.052832480883,208.591218793089,..,..
Electric power consumption (kWh per capita),EG.USE.ELEC.KH.PC,High income,HIC,7330.05744677846,8856.54400420929,9402.94598645813,9360.15284074451,8955.51057933089,9333.46542643692,9216.28304269541,9152.15810055669,9151.66658258345,9086.98189664387,..,..
Electric power consumption (kWh per capita),EG.USE.ELEC.KH.PC,IBRD only,IBD,1019.56734394693,1166.0650754843,1755.32194378599,1811.25102986071,1852.10755503717,2012.06674822542,2158.52086067496,2235.02808370301,2339.75058036445,2403.50420599778,..,..
Electric power consumption (kWh per capita),EG.USE.ELEC.KH.PC,IDA & IBRD total,IBT,896.526225217906,995.633249764586,1467.74062813349,1507.97915170459,1538.01485363163,1665.82474733627,1779.09489770989,1834.2176150383,1914.08911469011,1960.36417872929,..,..
Electric power consumption (kWh per capita),EG.USE.ELEC.KH.PC,IDA blend,IDB,422.11629230228,367.774878476474,417.596335974973,393.795356181086,391.696788946467,401.582629006053,399.539045590123,397.752391103111,407.428115915435,404.859302213358,..,..
Electric power consumption (kWh per capita),EG.USE.ELEC.KH.PC,IDA only,IDX,175.517080817613,176.17795757523,237.101627251044,237.724421093288,241.2385208118,263.304082224251,267.115449304003,266.279797472524,267.56506330142,269.687754145337,..,..
Electric power consumption (kWh per capita),EG.USE.ELEC.KH.PC,IDA total,IDA,275.145969523504,250.636042646895,307.287548656555,298.483328317634,299.895008528842,317.323414806415,318.961427621716,317.578348891017,322.235377527192,322.617816255737,..,..
Electric power consumption (kWh per capita),EG.USE.ELEC.KH.PC,Late-demographic dividend,LTE,1338.11605765383,1539.42131541714,2555.76814182899,2657.41042386348,2740.13542225162,3010.66858662475,3247.84358174791,3392.23842431865,3588.8321623616,3706.6138142906,..,..
Electric power consumption (kWh per capita),EG.USE.ELEC.KH.PC,Latin America & Caribbean,LCN,1167.93814611536,1587.78324582801,1848.13509076627,1899.61086501147,1878.58313854964,1966.25654690952,2054.14816439016,2104.55559833477,2124.74778816347,2128.8169954084,..,..
Electric power consumption (kWh per capita),EG.USE.ELEC.KH.PC,Latin America & Caribbean (excluding high income),LAC,1159.48581573124,1548.88958574508,1788.93109380548,1841.51714053166,1820.57066289789,1909.47671024357,1992.1318429871,2037.2843382235,2055.37938508109,2058.60268014046,..,..
Electric power consumption (kWh per capita),EG.USE.ELEC.KH.PC,Latin America & the Caribbean (IDA & IBRD countries),TLA,1165.61196771219,1596.22168780437,1857.91373862412,1909.97267358907,1888.14412519618,1978.07192039572,2067.03680694198,2118.01836287722,2137.45510875428,2141.23788844664,..,..
Electric power consumption (kWh per capita),EG.USE.ELEC.KH.PC,Least developed countries: UN classification,LDC,71.7323365166355,87.2022196273055,142.850996547761,143.696959664537,151.155824988853,164.799697081159,172.192541057577,182.068724114133,195.394433877169,205.65978722383,..,..
Electric power consumption (kWh per capita),EG.USE.ELEC.KH.PC,Low & middle income,LMY,872.745216662038,968.880127747652,1439.07663490487,1479.39545191735,1510.6888591047,1637.7139508006,1750.00787508604,1804.90010385157,1884.8775065995,1931.29290055878,..,..
Electric power consumption (kWh per capita),EG.USE.ELEC.KH.PC,Low income,LIC,..,..,..,..,..,..,..,..,..,..,..,..
Electric power consumption (kWh per capita),EG.USE.ELEC.KH.PC,Lower middle income,LMC,423.23323938068,443.084101090178,588.818636960388,600.51867536624,619.641946903976,661.612603333765,699.553799201404,720.064840789556,745.932432159941,769.493378749184,..,..
Electric power consumption (kWh per capita),EG.USE.ELEC.KH.PC,Middle East & North Africa,MEA,1176.68862158751,1740.91003816428,2320.38529563783,2400.99544034001,2454.3120956545,2642.25536519455,2675.35429171444,2731.88717329008,2779.79378427181,2875.31507776655,..,..
Electric power consumption (kWh per capita),EG.USE.ELEC.KH.PC,Middle East & North Africa (excluding high income),MNA,725.417151252205,1048.71146552678,1413.4607512031,1450.1763830048,1484.69051428507,1613.09112367329,1639.57970923308,1628.79625715693,1661.94164139669,1687.0235148676,..,..
Electric power consumption (kWh per capita),EG.USE.ELEC.KH.PC,Middle East & North Africa (IDA & IBRD countries),TMN,725.417151252205,1048.71146552678,1413.4607512031,1450.1763830048,1484.69051428507,1613.09112367329,1639.57970923308,1628.79625715693,1661.94164139669,1687.0235148676,..,..
Electric power consumption (kWh per capita),EG.USE.ELEC.KH.PC,Middle income,MIC,907.189192338691,1018.5685895757,1522.25203383849,1566.65897445304,1601.38325698037,1737.71486012056,1859.24330002535,1921.26417758703,2008.4628377488,2059.9282207301,..,..
Electric power consumption (kWh per capita),EG.USE.ELEC.KH.PC,North America,NAC,12153.7125018925,13997.4513513572,13955.3306337873,13930.970640847,13164.3645228071,13579.7463783874,13480.7464022502,13194.5009241089,13270.2391734521,13243.1821227884,..,..
Electric power consumption (kWh per capita),EG.USE.ELEC.KH.PC,Not classified,INX,..,..,..,..,..,..,..,..,..,..,..,..
Electric power consumption (kWh per capita),EG.USE.ELEC.KH.PC,OECD members,OED,6689.94917550224,7971.45923034557,8391.06461345095,8346.31974868065,7960.74077371988,8279.73292602706,8189.80966072184,8114.59332511594,8085.38596021881,7994.95900891019,..,..
Electric power consumption (kWh per capita),EG.USE.ELEC.KH.PC,Other small states,OSS,..,..,..,..,..,..,..,..,..,..,..,..
Electric power consumption (kWh per capita),EG.USE.ELEC.KH.PC,Pacific island small states,PSS,..,..,..,..,..,..,..,..,..,..,..,..
Electric power consumption (kWh per capita),EG.USE.ELEC.KH.PC,Post-demographic dividend,PST,7476.43529219781,8799.315675961,9319.22970762563,9271.77620829919,8847.64358772603,9223.04252695521,9101.78502215321,9012.48318369704,9000.88628388082,8895.50160184769,..,..
Electric power consumption (kWh per capita),EG.USE.ELEC.KH.PC,Pre-demographic dividend,PRE,184.999147127098,168.45855250571,192.787844717954,187.938185255606,192.879510791136,224.496670148915,233.977673434825,232.309211576579,249.442675814602,251.181197871379,..,..
Electric power consumption (kWh per capita),EG.USE.ELEC.KH.PC,Small states,SST,..,..,..,..,..,..,..,..,..,..,..,..
Electric power consumption (kWh per capita),EG.USE.ELEC.KH.PC,South Asia,SAS,246.356552093151,357.219081979437,494.549949164901,505.828759063408,538.24001810629,573.663529808053,618.38266544915,639.820770902997,676.309352989302,707.495948982785,..,..
Electric power consumption (kWh per capita),EG.USE.ELEC.KH.PC,South Asia (IDA & IBRD),TSA,246.356552093151,357.219081979437,494.549949164901,505.828759063408,538.24001810629,573.663529808053,618.38266544915,639.820770902997,676.309352989302,707.495948982785,..,..
Electric power consumption (kWh per capita),EG.USE.ELEC.KH.PC,Sub-Saharan Africa,SSF,527.541283257473,510.867633057569,535.212833516479,511.642723580148,488.710910903785,502.932841116578,506.864725664466,494.04651665257,488.816465745672,483.119232887517,..,..
Electric power consumption (kWh per capita),EG.USE.ELEC.KH.PC,Sub-Saharan Africa (excluding high income),SSA,527.541283257473,510.867633057569,535.212833516479,511.642723580148,488.710910903785,502.932841116578,506.864725664466,494.04651665257,488.816465745672,483.119232887517,..,..
Electric power consumption (kWh per capita),EG.USE.ELEC.KH.PC,Sub-Saharan Africa (IDA & IBRD countries),TSS,527.541283257473,510.867633057569,535.212833516479,511.642723580148,488.710910903785,502.932841116578,506.864725664466,494.04651665257,488.816465745672,483.119232887517,..,..
Electric power consumption (kWh per capita),EG.USE.ELEC.KH.PC,Upper middle income,UMC,1358.44899548169,1602.70218285578,2531.58128302278,2620.44150398315,2681.07315047531,2930.95997545019,3155.4277523664,3273.7885910303,3440.17258118765,3533.37679612424,..,..
Electric power consumption (kWh per capita),EG.USE.ELEC.KH.PC,World,WLD,2126.10438130442,2385.65980889857,2820.60432450106,2841.77633481569,2792.11233323684,2955.7408136836,3020.57755804584,3047.29138634486,3106.96730188006,3128.4010305873,..,..
,,,,,,,,,,,,,,,
,,,,,,,,,,,,,,,
,,,,,,,,,,,,,,,
Data from database: World Development Indicators,,,,,,,,,,,,,,,
Last Updated: 08/02/2017,,,,,,,,,,,,,,,
